<?xml version="1.0" encoding="UTF-8"?>
<project-private xmlns="http://www.netbeans.org/ns/project-private/1">
    <editor-bookmarks xmlns="http://www.netbeans.org/ns/editor-bookmarks/2" lastBookmarkId="0"/>
    <open-files xmlns="http://www.netbeans.org/ns/projectui-open-files/2">
        <group>
            <file>file:/E:/Super/Pengajaran%20UBL/semester%205/jwp/katalogkacamata/web/logout.jsp</file>
            <file>file:/E:/Super/Pengajaran%20UBL/semester%205/jwp/katalogkacamata/src/java/servlet/login.java</file>
            <file>file:/E:/Super/Pengajaran%20UBL/semester%205/jwp/katalogkacamata/web/admin/index.jsp</file>
            <file>file:/E:/Super/Pengajaran%20UBL/semester%205/jwp/katalogkacamata/web/home.jsp</file>
            <file>file:/E:/Super/Pengajaran%20UBL/semester%205/jwp/katalogkacamata/src/java/servlet/proses.java</file>
            <file>file:/E:/Super/Pengajaran%20UBL/semester%205/jwp/katalogkacamata/web/proses.jsp</file>
            <file>file:/E:/Super/Pengajaran%20UBL/semester%205/jwp/katalogkacamata/web/admin/logout.jsp</file>
            <file>file:/E:/Super/Pengajaran%20UBL/semester%205/jwp/katalogkacamata/web/index.jsp</file>
        </group>
    </open-files>
</project-private>
